Workbook

Sheet Sales_Data
A1: Employee ID | B1: Employee Name | C1: Region | D1: Product ID | E1: Units Sold | F1: Sales Amount | H1: Product name | I1: total sales value | J1: price per unit | K1: Target Sales (HLOOKUP) | L1: Variance | M1: Below Target?
A2: E101 | B2: Rahul Mehta | C2: North | D2: P001 | E2: 15 | F2: 45000 | H2: =VLOOKUP(D2,Product_Master!A:D,2,FALSE) -> Laptop | I2: =E2*J2 -> 45000 | J2: =VLOOKUP(D2,Product_Master!A:D,4,FALSE) -> 3000 | K2: =E2*J2 -> 45000 | L2: =HLOOKUP(C2,'Monthly Target'!A1:E2,2,FALSE) -> 150000 | M2: =K2-L2 -> -105000 | N2: =IF(M2<0,"YES","NO") -> YES
A3: E102 | B3: Priya Sharma | C3: South | D3: P002 | E3: 20 | F3: 60000 | H3: =VLOOKUP(D3,Product_Master!A:D,2,FALSE) -> Smartphone | I3: =E3*J3 -> 60000 | J3: =VLOOKUP(D3,Product_Master!A:D,4,FALSE) -> 3000 | K3: =E3*J3 -> 60000 | L3: =HLOOKUP(C3,'Monthly Target'!A1:E2,2,FALSE) -> 140000 | M3: =K3-L3 -> -80000 | N3: =IF(M3<0,"YES","NO") -> YES
A4: E103 | B4: Aman Verma | C4: East | D4: P003 | E4: 10 | F4: 35000 | H4: =VLOOKUP(D4,Product_Master!A:D,2,FALSE) -> Headphones | I4: =E4*J4 -> 35000 | J4: =VLOOKUP(D4,Product_Master!A:D,4,FALSE) -> 3500 | K4: =E4*J4 -> 35000 | L4: =HLOOKUP(C4,'Monthly Target'!A1:E2,2,FALSE) -> 120000 | M4: =K4-L4 -> -85000 | N4: =IF(M4<0,"YES","NO") -> YES
A5: E104 | B5: Sneha Patel | C5: West | D5: P004 | E5: 25 | F5: 125000 | H5: =VLOOKUP(D5,Product_Master!A:D,2,FALSE) -> Printer | I5: =E5*J5 -> 125000 | J5: =VLOOKUP(D5,Product_Master!A:D,4,FALSE) -> 5000 | K5: =E5*J5 -> 125000 | L5: =HLOOKUP(C5,'Monthly Target'!A1:E2,2,FALSE) -> 160000 | M5: =K5-L5 -> -35000 | N5: =IF(M5<0,"YES","NO") -> YES
A6: E105 | B6: Rohan Gupta | C6: North | D6: P005 | E6: 12 | F6: 48000 | H6: =VLOOKUP(D6,Product_Master!A:D,2,FALSE) -> Monitor | I6: =E6*J6 -> 48000 | J6: =VLOOKUP(D6,Product_Master!A:D,4,FALSE) -> 4000 | K6: =E6*J6 -> 48000 | L6: =HLOOKUP(C6,'Monthly Target'!A1:E2,2,FALSE) -> 150000 | M6: =K6-L6 -> -102000 | N6: =IF(M6<0,"YES","NO") -> YES
A7: E106 | B7: Meena Iyer | C7: East | D7: P002 | E7: 18 | F7: 54000 | H7: =VLOOKUP(D7,Product_Master!A:D,2,FALSE) -> Smartphone | I7: =E7*J7 -> 54000 | J7: =VLOOKUP(D7,Product_Master!A:D,4,FALSE) -> 3000 | K7: =E7*J7 -> 54000 | L7: =HLOOKUP(C7,'Monthly Target'!A1:E2,2,FALSE) -> 120000 | M7: =K7-L7 -> -66000 | N7: =IF(M7<0,"YES","NO") -> YES
A8: E107 | B8: Deepak Rao | C8: South | D8: P003 | E8: 22 | F8: 77000 | H8: =VLOOKUP(D8,Product_Master!A:D,2,FALSE) -> Headphones | I8: =E8*J8 -> 77000 | J8: =VLOOKUP(D8,Product_Master!A:D,4,FALSE) -> 3500 | K8: =E8*J8 -> 77000 | L8: =HLOOKUP(C8,'Monthly Target'!A1:E2,2,FALSE) -> 140000 | M8: =K8-L8 -> -63000 | N8: =IF(M8<0,"YES","NO") -> YES
A9: E108 | B9: Kavita Das | C9: West | D9: P001 | E9: 30 | F9: 90000 | H9: =VLOOKUP(D9,Product_Master!A:D,2,FALSE) -> Laptop | I9: =E9*J9 -> 90000 | J9: =VLOOKUP(D9,Product_Master!A:D,4,FALSE) -> 3000 | K9: =E9*J9 -> 90000 | L9: =HLOOKUP(C9,'Monthly Target'!A1:E2,2,FALSE) -> 160000 | M9: =K9-L9 -> -70000 | N9: =IF(M9<0,"YES","NO") -> YES
A10: E109 | B10: Ajay Nair | C10: North | D10: P004 | E10: 14 | F10: 70000 | H10: =VLOOKUP(D10,Product_Master!A:D,2,FALSE) -> Printer | I10: =E10*J10 -> 70000 | J10: =VLOOKUP(D10,Product_Master!A:D,4,FALSE) -> 5000 | K10: =E10*J10 -> 70000 | L10: =HLOOKUP(C10,'Monthly Target'!A1:E2,2,FALSE) -> 150000 | M10: =K10-L10 -> -80000 | N10: =IF(M10<0,"YES","NO") -> YES
A11: E110 | B11: Neha Kulkarni | C11: East | D11: P005 | E11: 8 | F11: 32000 | H11: =VLOOKUP(D11,Product_Master!A:D,2,FALSE) -> Monitor | I11: =E11*J11 -> 32000 | J11: =VLOOKUP(D11,Product_Master!A:D,4,FALSE) -> 4000 | K11: =E11*J11 -> 32000 | L11: =HLOOKUP(C11,'Monthly Target'!A1:E2,2,FALSE) -> 120000 | M11: =K11-L11 -> -88000 | N11: =IF(M11<0,"YES","NO") -> YES
I14: total revenue
I15: =SUM(I2:I11) -> 636000

Sheet Product_Master
A1: Product ID | B1: Product Name | C1: Category | D1: Price per Unit
A2: P001 | B2: Laptop | C2: Electronics | D2: 3000
A3: P002 | B3: Smartphone | C3: Electronics | D3: 3000
A4: P003 | B4: Headphones | C4: Accessories | D4: 3500
A5: P004 | B5: Printer | C5: Office Supplies | D5: 5000
A6: P005 | B6: Monitor | C6: Electronics | D6: 4000

Sheet Monthly Target
A1: Region | B1: North | C1: South | D1: East | E1: West
A2: Target Sales | B2: 150000 | C2: 140000 | D2: 120000 | E2: 160000
